symbol,name,raw_name,market,sector,theme,enabled,resolved,note
7203.T,Toyota Motor,Toyota Motor,JP,Automotive,Autonomous Driving,False,False,seed_candidate;country=Japan;verify_with_toss_stock_info_before_live
7267.T,Honda Motor,Honda Motor,JP,Automotive,Autonomous Driving,False,False,seed_candidate;country=Japan;verify_with_toss_stock_info_before_live
6758.T,Sony Group,Sony Group,JP,Technology,AI,False,False,seed_candidate;country=Japan;verify_with_toss_stock_info_before_live
9984.T,SoftBank Group,SoftBank Group,JP,Technology,AI,False,False,seed_candidate;country=Japan;verify_with_toss_stock_info_before_live
6861.T,Keyence,Keyence,JP,Industrial Automation,Robotics,False,False,seed_candidate;country=Japan;verify_with_toss_stock_info_before_live
6501.T,Hitachi,Hitachi,JP,Technology,AI,False,False,seed_candidate;country=Japan;verify_with_toss_stock_info_before_live
6954.T,FANUC,FANUC,JP,Industrial Automation,Robotics,False,False,seed_candidate;country=Japan;verify_with_toss_stock_info_before_live
6594.T,Nidec,Nidec,JP,Industrial Automation,Robotics,False,False,seed_candidate;country=Japan;verify_with_toss_stock_info_before_live
8035.T,Tokyo Electron,Tokyo Electron,JP,Semiconductor,Semiconductor,False,False,seed_candidate;country=Japan;verify_with_toss_stock_info_before_live
6857.T,Advantest,Advantest,JP,Semiconductor,Semiconductor,False,False,seed_candidate;country=Japan;verify_with_toss_stock_info_before_live
6723.T,Renesas Electronics,Renesas Electronics,JP,Semiconductor,Semiconductor,False,False,seed_candidate;country=Japan;verify_with_toss_stock_info_before_live
4063.T,Shin-Etsu Chemical,Shin-Etsu Chemical,JP,Semiconductor,Semiconductor,False,False,seed_candidate;country=Japan;verify_with_toss_stock_info_before_live
7011.T,Mitsubishi Heavy Industries,Mitsubishi Heavy Industries,JP,Defense,Defense,False,False,seed_candidate;country=Japan;verify_with_toss_stock_info_before_live
7012.T,Kawasaki Heavy Industries,Kawasaki Heavy Industries,JP,Aerospace,Aerospace,False,False,seed_candidate;country=Japan;verify_with_toss_stock_info_before_live
7013.T,IHI,IHI,JP,Aerospace,Aerospace,False,False,seed_candidate;country=Japan;verify_with_toss_stock_info_before_live
4502.T,Takeda Pharmaceutical,Takeda Pharmaceutical,JP,Healthcare,Healthcare,False,False,seed_candidate;country=Japan;verify_with_toss_stock_info_before_live
4519.T,Chugai Pharmaceutical,Chugai Pharmaceutical,JP,Healthcare,Biotech,False,False,seed_candidate;country=Japan;verify_with_toss_stock_info_before_live
4568.T,Daiichi Sankyo,Daiichi Sankyo,JP,Healthcare,Biotech,False,False,seed_candidate;country=Japan;verify_with_toss_stock_info_before_live
7741.T,HOYA,HOYA,JP,Healthcare,Healthcare,False,False,seed_candidate;country=Japan;verify_with_toss_stock_info_before_live
8306.T,Mitsubishi UFJ Financial Group,Mitsubishi UFJ Financial Group,JP,Financial,Bank,False,False,seed_candidate;country=Japan;verify_with_toss_stock_info_before_live
8316.T,Sumitomo Mitsui Financial Group,Sumitomo Mitsui Financial Group,JP,Financial,Bank,False,False,seed_candidate;country=Japan;verify_with_toss_stock_info_before_live
8411.T,Mizuho Financial Group,Mizuho Financial Group,JP,Financial,Bank,False,False,seed_candidate;country=Japan;verify_with_toss_stock_info_before_live
1605.T,INPEX,INPEX,JP,Energy,Energy,False,False,seed_candidate;country=Japan;verify_with_toss_stock_info_before_live
5020.T,ENEOS Holdings,ENEOS Holdings,JP,Energy,Energy,False,False,seed_candidate;country=Japan;verify_with_toss_stock_info_before_live
9501.T,Tokyo Electric Power,Tokyo Electric Power,JP,Energy,Energy,False,False,seed_candidate;country=Japan;verify_with_toss_stock_info_before_live
5713.T,Sumitomo Metal Mining,Sumitomo Metal Mining,JP,Metals & Mining,Copper,False,False,seed_candidate;country=Japan;verify_with_toss_stock_info_before_live
5711.T,Mitsubishi Materials,Mitsubishi Materials,JP,Resources,Resources,False,False,seed_candidate;country=Japan;verify_with_toss_stock_info_before_live
5801.T,Furukawa Electric,Furukawa Electric,JP,Metals & Mining,Copper,False,False,seed_candidate;country=Japan;verify_with_toss_stock_info_before_live
5802.T,Sumitomo Electric Industries,Sumitomo Electric Industries,JP,Metals & Mining,Copper,False,False,seed_candidate;country=Japan;verify_with_toss_stock_info_before_live
6367.T,Daikin Industries,Daikin Industries,JP,Environmental Services,Green,False,False,seed_candidate;country=Japan;verify_with_toss_stock_info_before_live
RELIANCE.NS,Reliance Industries,Reliance Industries,IN,Energy,Energy,False,False,seed_candidate;country=India;verify_with_toss_stock_info_before_live
TCS.NS,Tata Consultancy Services,Tata Consultancy Services,IN,Technology,AI,False,False,seed_candidate;country=India;verify_with_toss_stock_info_before_live
INFY.NS,Infosys,Infosys,IN,Technology,AI,False,False,seed_candidate;country=India;verify_with_toss_stock_info_before_live
HDFCBANK.NS,HDFC Bank,HDFC Bank,IN,Financial,Bank,False,False,seed_candidate;country=India;verify_with_toss_stock_info_before_live
ICICIBANK.NS,ICICI Bank,ICICI Bank,IN,Financial,Bank,False,False,seed_candidate;country=India;verify_with_toss_stock_info_before_live
SBIN.NS,State Bank of India,State Bank of India,IN,Financial,Bank,False,False,seed_candidate;country=India;verify_with_toss_stock_info_before_live
LT.NS,Larsen & Toubro,Larsen & Toubro,IN,Construction,Construction,False,False,seed_candidate;country=India;verify_with_toss_stock_info_before_live
TATAMOTORS.NS,Tata Motors,Tata Motors,IN,Automotive,Autonomous Driving,False,False,seed_candidate;country=India;verify_with_toss_stock_info_before_live
M&M.NS,Mahindra & Mahindra,Mahindra & Mahindra,IN,Automotive,Autonomous Driving,False,False,seed_candidate;country=India;verify_with_toss_stock_info_before_live
MARUTI.NS,Maruti Suzuki India,Maruti Suzuki India,IN,Automotive,Autonomous Driving,False,False,seed_candidate;country=India;verify_with_toss_stock_info_before_live
TATAELXSI.NS,Tata Elxsi,Tata Elxsi,IN,Automotive,Autonomous Driving,False,False,seed_candidate;country=India;verify_with_toss_stock_info_before_live
PERSISTENT.NS,Persistent Systems,Persistent Systems,IN,Technology,AI,False,False,seed_candidate;country=India;verify_with_toss_stock_info_before_live
DIXON.NS,Dixon Technologies,Dixon Technologies,IN,Semiconductor,Semiconductor,False,False,seed_candidate;country=India;verify_with_toss_stock_info_before_live
SUNPHARMA.NS,Sun Pharmaceutical Industries,Sun Pharmaceutical Industries,IN,Healthcare,Healthcare,False,False,seed_candidate;country=India;verify_with_toss_stock_info_before_live
DRREDDY.NS,Dr. Reddy's Laboratories,Dr. Reddy's Laboratories,IN,Healthcare,Biotech,False,False,seed_candidate;country=India;verify_with_toss_stock_info_before_live
CIPLA.NS,Cipla,Cipla,IN,Healthcare,Healthcare,False,False,seed_candidate;country=India;verify_with_toss_stock_info_before_live
DIVISLAB.NS,Divi's Laboratories,Divi's Laboratories,IN,Healthcare,Biotech,False,False,seed_candidate;country=India;verify_with_toss_stock_info_before_live
HAL.NS,Hindustan Aeronautics,Hindustan Aeronautics,IN,Aerospace,Aerospace,False,False,seed_candidate;country=India;verify_with_toss_stock_info_before_live
BEL.NS,Bharat Electronics,Bharat Electronics,IN,Defense,Defense,False,False,seed_candidate;country=India;verify_with_toss_stock_info_before_live
BDL.NS,Bharat Dynamics,Bharat Dynamics,IN,Defense,Defense,False,False,seed_candidate;country=India;verify_with_toss_stock_info_before_live
COCHINSHIP.NS,Cochin Shipyard,Cochin Shipyard,IN,Defense,Defense,False,False,seed_candidate;country=India;verify_with_toss_stock_info_before_live
MAZDOCK.NS,Mazagon Dock Shipbuilders,Mazagon Dock Shipbuilders,IN,Defense,Defense,False,False,seed_candidate;country=India;verify_with_toss_stock_info_before_live
ADANIGREEN.NS,Adani Green Energy,Adani Green Energy,IN,Renewable Energy,Renewable Energy,False,False,seed_candidate;country=India;verify_with_toss_stock_info_before_live
SUZLON.NS,Suzlon Energy,Suzlon Energy,IN,Renewable Energy,Renewable Energy,False,False,seed_candidate;country=India;verify_with_toss_stock_info_before_live
TATAPOWER.NS,Tata Power,Tata Power,IN,Renewable Energy,Renewable Energy,False,False,seed_candidate;country=India;verify_with_toss_stock_info_before_live
NTPC.NS,NTPC,NTPC,IN,Energy,Energy,False,False,seed_candidate;country=India;verify_with_toss_stock_info_before_live
ONGC.NS,Oil and Natural Gas Corporation,Oil and Natural Gas Corporation,IN,Energy,Energy,False,False,seed_candidate;country=India;verify_with_toss_stock_info_before_live
COALINDIA.NS,Coal India,Coal India,IN,Resources,Resources,False,False,seed_candidate;country=India;verify_with_toss_stock_info_before_live
HINDALCO.NS,Hindalco Industries,Hindalco Industries,IN,Metals & Mining,Copper,False,False,seed_candidate;country=India;verify_with_toss_stock_info_before_live
VEDL.NS,Vedanta,Vedanta,IN,Resources,Resources,False,False,seed_candidate;country=India;verify_with_toss_stock_info_before_live
FPT.VN,FPT Corporation,FPT Corporation,VN,Technology,AI,False,False,seed_candidate;country=Vietnam;verify_with_toss_stock_info_before_live
VCB.VN,Vietcombank,Vietcombank,VN,Financial,Bank,False,False,seed_candidate;country=Vietnam;verify_with_toss_stock_info_before_live
BID.VN,BIDV,BIDV,VN,Financial,Bank,False,False,seed_candidate;country=Vietnam;verify_with_toss_stock_info_before_live
CTG.VN,VietinBank,VietinBank,VN,Financial,Bank,False,False,seed_candidate;country=Vietnam;verify_with_toss_stock_info_before_live
TCB.VN,Techcombank,Techcombank,VN,Financial,Bank,False,False,seed_candidate;country=Vietnam;verify_with_toss_stock_info_before_live
MBB.VN,Military Commercial Joint Stock Bank,Military Commercial Joint Stock Bank,VN,Financial,Bank,False,False,seed_candidate;country=Vietnam;verify_with_toss_stock_info_before_live
ACB.VN,Asia Commercial Bank,Asia Commercial Bank,VN,Financial,Bank,False,False,seed_candidate;country=Vietnam;verify_with_toss_stock_info_before_live
STB.VN,Sacombank,Sacombank,VN,Financial,Bank,False,False,seed_candidate;country=Vietnam;verify_with_toss_stock_info_before_live
VIB.VN,Vietnam International Bank,Vietnam International Bank,VN,Financial,Bank,False,False,seed_candidate;country=Vietnam;verify_with_toss_stock_info_before_live
TPB.VN,TPBank,TPBank,VN,Financial,Bank,False,False,seed_candidate;country=Vietnam;verify_with_toss_stock_info_before_live
HPG.VN,Hoa Phat Group,Hoa Phat Group,VN,Resources,Resources,False,False,seed_candidate;country=Vietnam;verify_with_toss_stock_info_before_live
VHM.VN,Vinhomes,Vinhomes,VN,Construction,Construction,False,False,seed_candidate;country=Vietnam;verify_with_toss_stock_info_before_live
VIC.VN,Vingroup,Vingroup,VN,Automotive,Autonomous Driving,False,False,seed_candidate;country=Vietnam;verify_with_toss_stock_info_before_live
VNM.VN,Vinamilk,Vinamilk,VN,Consumer,Consumer,False,False,seed_candidate;country=Vietnam;verify_with_toss_stock_info_before_live
GAS.VN,PV Gas,PV Gas,VN,Energy,Energy,False,False,seed_candidate;country=Vietnam;verify_with_toss_stock_info_before_live
PLX.VN,Petrolimex,Petrolimex,VN,Energy,Energy,False,False,seed_candidate;country=Vietnam;verify_with_toss_stock_info_before_live
POW.VN,PV Power,PV Power,VN,Energy,Energy,False,False,seed_candidate;country=Vietnam;verify_with_toss_stock_info_before_live
PVD.VN,Petrovietnam Drilling,Petrovietnam Drilling,VN,Energy,Energy,False,False,seed_candidate;country=Vietnam;verify_with_toss_stock_info_before_live
PVS.HN,PetroVietnam Technical Services,PetroVietnam Technical Services,VN,Energy,Energy,False,False,seed_candidate;country=Vietnam;verify_with_toss_stock_info_before_live
DGC.VN,Duc Giang Chemicals,Duc Giang Chemicals,VN,Resources,Resources,False,False,seed_candidate;country=Vietnam;verify_with_toss_stock_info_before_live
DPM.VN,PetroVietnam Fertilizer and Chemicals,PetroVietnam Fertilizer and Chemicals,VN,Resources,Resources,False,False,seed_candidate;country=Vietnam;verify_with_toss_stock_info_before_live
GVR.VN,Vietnam Rubber Group,Vietnam Rubber Group,VN,Resources,Resources,False,False,seed_candidate;country=Vietnam;verify_with_toss_stock_info_before_live
MSN.VN,Masan Group,Masan Group,VN,Resources,Resources,False,False,seed_candidate;country=Vietnam;verify_with_toss_stock_info_before_live
VJC.VN,VietJet Aviation,VietJet Aviation,VN,Aerospace,Aerospace,False,False,seed_candidate;country=Vietnam;verify_with_toss_stock_info_before_live
HVN.VN,Vietnam Airlines,Vietnam Airlines,VN,Aerospace,Aerospace,False,False,seed_candidate;country=Vietnam;verify_with_toss_stock_info_before_live
SSI.VN,SSI Securities,SSI Securities,VN,Financial,Bank,False,False,seed_candidate;country=Vietnam;verify_with_toss_stock_info_before_live
HCM.VN,Ho Chi Minh City Securities,Ho Chi Minh City Securities,VN,Financial,Bank,False,False,seed_candidate;country=Vietnam;verify_with_toss_stock_info_before_live
VND.VN,VNDirect Securities,VNDirect Securities,VN,Financial,Bank,False,False,seed_candidate;country=Vietnam;verify_with_toss_stock_info_before_live
MWG.VN,Mobile World Investment,Mobile World Investment,VN,Consumer,Consumer,False,False,seed_candidate;country=Vietnam;verify_with_toss_stock_info_before_live
VRE.VN,Vincom Retail,Vincom Retail,VN,Real Estate,Real Estate,False,False,seed_candidate;country=Vietnam;verify_with_toss_stock_info_before_live
2330.TW,Taiwan Semiconductor Manufacturing,Taiwan Semiconductor Manufacturing,TW,Semiconductor,Semiconductor,False,False,seed_candidate;country=Taiwan;verify_with_toss_stock_info_before_live
2454.TW,MediaTek,MediaTek,TW,Semiconductor,Semiconductor,False,False,seed_candidate;country=Taiwan;verify_with_toss_stock_info_before_live
2317.TW,Hon Hai Precision Industry,Hon Hai Precision Industry,TW,Technology,AI,False,False,seed_candidate;country=Taiwan;verify_with_toss_stock_info_before_live
2308.TW,Delta Electronics,Delta Electronics,TW,Environmental Services,Green,False,False,seed_candidate;country=Taiwan;verify_with_toss_stock_info_before_live
2382.TW,Quanta Computer,Quanta Computer,TW,Technology,AI,False,False,seed_candidate;country=Taiwan;verify_with_toss_stock_info_before_live
3231.TW,Wistron,Wistron,TW,Technology,AI,False,False,seed_candidate;country=Taiwan;verify_with_toss_stock_info_before_live
2357.TW,ASUSTeK Computer,ASUSTeK Computer,TW,Technology,AI,False,False,seed_candidate;country=Taiwan;verify_with_toss_stock_info_before_live
2379.TW,Realtek Semiconductor,Realtek Semiconductor,TW,Semiconductor,Semiconductor,False,False,seed_candidate;country=Taiwan;verify_with_toss_stock_info_before_live
3034.TW,Novatek Microelectronics,Novatek Microelectronics,TW,Semiconductor,Semiconductor,False,False,seed_candidate;country=Taiwan;verify_with_toss_stock_info_before_live
3711.TW,ASE Technology Holding,ASE Technology Holding,TW,Semiconductor,Semiconductor,False,False,seed_candidate;country=Taiwan;verify_with_toss_stock_info_before_live
2303.TW,United Microelectronics,United Microelectronics,TW,Semiconductor,Semiconductor,False,False,seed_candidate;country=Taiwan;verify_with_toss_stock_info_before_live
2408.TW,Nanya Technology,Nanya Technology,TW,Semiconductor,Semiconductor,False,False,seed_candidate;country=Taiwan;verify_with_toss_stock_info_before_live
6488.TWO,GlobalWafers,GlobalWafers,TW,Semiconductor,Semiconductor,False,False,seed_candidate;country=Taiwan;verify_with_toss_stock_info_before_live
3008.TW,Largan Precision,Largan Precision,TW,Automotive,Autonomous Driving,False,False,seed_candidate;country=Taiwan;verify_with_toss_stock_info_before_live
2327.TW,Yageo,Yageo,TW,Semiconductor,Semiconductor,False,False,seed_candidate;country=Taiwan;verify_with_toss_stock_info_before_live
2301.TW,Lite-On Technology,Lite-On Technology,TW,Environmental Services,Green,False,False,seed_candidate;country=Taiwan;verify_with_toss_stock_info_before_live
2345.TW,Accton Technology,Accton Technology,TW,Technology,AI,False,False,seed_candidate;country=Taiwan;verify_with_toss_stock_info_before_live
3661.TW,Alchip Technologies,Alchip Technologies,TW,Semiconductor,Semiconductor,False,False,seed_candidate;country=Taiwan;verify_with_toss_stock_info_before_live
2412.TW,Chunghwa Telecom,Chunghwa Telecom,TW,Telecommunication,Telecom,False,False,seed_candidate;country=Taiwan;verify_with_toss_stock_info_before_live
2881.TW,Fubon Financial Holding,Fubon Financial Holding,TW,Financial,Bank,False,False,seed_candidate;country=Taiwan;verify_with_toss_stock_info_before_live
2882.TW,Cathay Financial Holding,Cathay Financial Holding,TW,Financial,Bank,False,False,seed_candidate;country=Taiwan;verify_with_toss_stock_info_before_live
2891.TW,CTBC Financial Holding,CTBC Financial Holding,TW,Financial,Bank,False,False,seed_candidate;country=Taiwan;verify_with_toss_stock_info_before_live
2886.TW,Mega Financial Holding,Mega Financial Holding,TW,Financial,Bank,False,False,seed_candidate;country=Taiwan;verify_with_toss_stock_info_before_live
1301.TW,Formosa Plastics,Formosa Plastics,TW,Resources,Resources,False,False,seed_candidate;country=Taiwan;verify_with_toss_stock_info_before_live
1303.TW,Nan Ya Plastics,Nan Ya Plastics,TW,Resources,Resources,False,False,seed_candidate;country=Taiwan;verify_with_toss_stock_info_before_live
1326.TW,Formosa Chemicals & Fibre,Formosa Chemicals & Fibre,TW,Resources,Resources,False,False,seed_candidate;country=Taiwan;verify_with_toss_stock_info_before_live
6505.TW,Formosa Petrochemical,Formosa Petrochemical,TW,Energy,Energy,False,False,seed_candidate;country=Taiwan;verify_with_toss_stock_info_before_live
2002.TW,China Steel,China Steel,TW,Resources,Resources,False,False,seed_candidate;country=Taiwan;verify_with_toss_stock_info_before_live
1101.TW,Taiwan Cement,Taiwan Cement,TW,Construction,Construction,False,False,seed_candidate;country=Taiwan;verify_with_toss_stock_info_before_live
2207.TW,Hotai Motor,Hotai Motor,TW,Automotive,Autonomous Driving,False,False,seed_candidate;country=Taiwan;verify_with_toss_stock_info_before_live
AIR.PA,Airbus,Airbus,FR,Aerospace,Aerospace,False,False,seed_candidate;country=France;verify_with_toss_stock_info_before_live
HO.PA,Thales,Thales,FR,Defense,Defense,False,False,seed_candidate;country=France;verify_with_toss_stock_info_before_live
SAF.PA,Safran,Safran,FR,Aerospace,Aerospace,False,False,seed_candidate;country=France;verify_with_toss_stock_info_before_live
SU.PA,Schneider Electric,Schneider Electric,FR,Environmental Services,Green,False,False,seed_candidate;country=France;verify_with_toss_stock_info_before_live
CAP.PA,Capgemini,Capgemini,FR,Technology,AI,False,False,seed_candidate;country=France;verify_with_toss_stock_info_before_live
DSY.PA,Dassault Systemes,Dassault Systemes,FR,Technology,AI,False,False,seed_candidate;country=France;verify_with_toss_stock_info_before_live
STMPA.PA,STMicroelectronics,STMicroelectronics,FR,Semiconductor,Semiconductor,False,False,seed_candidate;country=France;verify_with_toss_stock_info_before_live
SAN.PA,Sanofi,Sanofi,FR,Healthcare,Healthcare,False,False,seed_candidate;country=France;verify_with_toss_stock_info_before_live
OR.PA,L'Oreal,L'Oreal,FR,Healthcare,Healthcare,False,False,seed_candidate;country=France;verify_with_toss_stock_info_before_live
AI.PA,Air Liquide,Air Liquide,FR,Energy,Energy,False,False,seed_candidate;country=France;verify_with_toss_stock_info_before_live
TTE.PA,TotalEnergies,TotalEnergies,FR,Energy,Energy,False,False,seed_candidate;country=France;verify_with_toss_stock_info_before_live
ENGI.PA,Engie,Engie,FR,Renewable Energy,Renewable Energy,False,False,seed_candidate;country=France;verify_with_toss_stock_info_before_live
VIE.PA,Veolia Environnement,Veolia Environnement,FR,Environmental Services,Green,False,False,seed_candidate;country=France;verify_with_toss_stock_info_before_live
NEX.PA,Nexans,Nexans,FR,Metals & Mining,Copper,False,False,seed_candidate;country=France;verify_with_toss_stock_info_before_live
DG.PA,Vinci,Vinci,FR,Construction,Construction,False,False,seed_candidate;country=France;verify_with_toss_stock_info_before_live
EN.PA,Bouygues,Bouygues,FR,Construction,Construction,False,False,seed_candidate;country=France;verify_with_toss_stock_info_before_live
SGO.PA,Saint-Gobain,Saint-Gobain,FR,Construction,Construction,False,False,seed_candidate;country=France;verify_with_toss_stock_info_before_live
RNO.PA,Renault,Renault,FR,Automotive,Autonomous Driving,False,False,seed_candidate;country=France;verify_with_toss_stock_info_before_live
ML.PA,Michelin,Michelin,FR,Automotive,Autonomous Driving,False,False,seed_candidate;country=France;verify_with_toss_stock_info_before_live
BNP.PA,BNP Paribas,BNP Paribas,FR,Financial,Bank,False,False,seed_candidate;country=France;verify_with_toss_stock_info_before_live
ACA.PA,Credit Agricole,Credit Agricole,FR,Financial,Bank,False,False,seed_candidate;country=France;verify_with_toss_stock_info_before_live
GLE.PA,Societe Generale,Societe Generale,FR,Financial,Bank,False,False,seed_candidate;country=France;verify_with_toss_stock_info_before_live
CS.PA,AXA,AXA,FR,Insurance,Insurance,False,False,seed_candidate;country=France;verify_with_toss_stock_info_before_live
MC.PA,LVMH,LVMH,FR,Consumer,Consumer,False,False,seed_candidate;country=France;verify_with_toss_stock_info_before_live
RMS.PA,Hermes International,Hermes International,FR,Consumer,Consumer,False,False,seed_candidate;country=France;verify_with_toss_stock_info_before_live
BN.PA,Danone,Danone,FR,Consumer,Consumer,False,False,seed_candidate;country=France;verify_with_toss_stock_info_before_live
ORA.PA,Orange,Orange,FR,Telecommunication,Telecom,False,False,seed_candidate;country=France;verify_with_toss_stock_info_before_live
PUB.PA,Publicis Groupe,Publicis Groupe,FR,Technology,AI,False,False,seed_candidate;country=France;verify_with_toss_stock_info_before_live
RI.PA,Pernod Ricard,Pernod Ricard,FR,Consumer,Consumer,False,False,seed_candidate;country=France;verify_with_toss_stock_info_before_live
VIV.PA,Vivendi,Vivendi,FR,Consumer,Consumer,False,False,seed_candidate;country=France;verify_with_toss_stock_info_before_live
SAP.DE,SAP,SAP,DE,Technology,AI,False,False,seed_candidate;country=Germany;verify_with_toss_stock_info_before_live
SIE.DE,Siemens,Siemens,DE,Industrial Automation,Robotics,False,False,seed_candidate;country=Germany;verify_with_toss_stock_info_before_live
ENR.DE,Siemens Energy,Siemens Energy,DE,Energy,Energy,False,False,seed_candidate;country=Germany;verify_with_toss_stock_info_before_live
IFX.DE,Infineon Technologies,Infineon Technologies,DE,Semiconductor,Semiconductor,False,False,seed_candidate;country=Germany;verify_with_toss_stock_info_before_live
RHM.DE,Rheinmetall,Rheinmetall,DE,Defense,Defense,False,False,seed_candidate;country=Germany;verify_with_toss_stock_info_before_live
HAG.DE,Hensoldt,Hensoldt,DE,Defense,Defense,False,False,seed_candidate;country=Germany;verify_with_toss_stock_info_before_live
AIR.DE,Airbus,Airbus,DE,Aerospace,Aerospace,False,False,seed_candidate;country=Germany;verify_with_toss_stock_info_before_live
MBG.DE,Mercedes-Benz Group,Mercedes-Benz Group,DE,Automotive,Autonomous Driving,False,False,seed_candidate;country=Germany;verify_with_toss_stock_info_before_live
BMW.DE,BMW,BMW,DE,Automotive,Autonomous Driving,False,False,seed_candidate;country=Germany;verify_with_toss_stock_info_before_live
VOW3.DE,Volkswagen,Volkswagen,DE,Automotive,Autonomous Driving,False,False,seed_candidate;country=Germany;verify_with_toss_stock_info_before_live
P911.DE,Porsche AG,Porsche AG,DE,Automotive,Autonomous Driving,False,False,seed_candidate;country=Germany;verify_with_toss_stock_info_before_live
PAH3.DE,Porsche Automobil Holding,Porsche Automobil Holding,DE,Automotive,Autonomous Driving,False,False,seed_candidate;country=Germany;verify_with_toss_stock_info_before_live
BAS.DE,BASF,BASF,DE,Resources,Resources,False,False,seed_candidate;country=Germany;verify_with_toss_stock_info_before_live
BAYN.DE,Bayer,Bayer,DE,Healthcare,Healthcare,False,False,seed_candidate;country=Germany;verify_with_toss_stock_info_before_live
MRK.DE,Merck KGaA,Merck KGaA,DE,Healthcare,Biotech,False,False,seed_candidate;country=Germany;verify_with_toss_stock_info_before_live
SHL.DE,Siemens Healthineers,Siemens Healthineers,DE,Healthcare,Healthcare,False,False,seed_candidate;country=Germany;verify_with_toss_stock_info_before_live
QIA.DE,Qiagen,Qiagen,DE,Healthcare,Biotech,False,False,seed_candidate;country=Germany;verify_with_toss_stock_info_before_live
FME.DE,Fresenius Medical Care,Fresenius Medical Care,DE,Healthcare,Healthcare,False,False,seed_candidate;country=Germany;verify_with_toss_stock_info_before_live
DTE.DE,Deutsche Telekom,Deutsche Telekom,DE,Telecommunication,Telecom,False,False,seed_candidate;country=Germany;verify_with_toss_stock_info_before_live
DBK.DE,Deutsche Bank,Deutsche Bank,DE,Financial,Bank,False,False,seed_candidate;country=Germany;verify_with_toss_stock_info_before_live
CBK.DE,Commerzbank,Commerzbank,DE,Financial,Bank,False,False,seed_candidate;country=Germany;verify_with_toss_stock_info_before_live
ALV.DE,Allianz,Allianz,DE,Insurance,Insurance,False,False,seed_candidate;country=Germany;verify_with_toss_stock_info_before_live
MUV2.DE,Munich Re,Munich Re,DE,Insurance,Insurance,False,False,seed_candidate;country=Germany;verify_with_toss_stock_info_before_live
HEI.DE,Heidelberg Materials,Heidelberg Materials,DE,Construction,Construction,False,False,seed_candidate;country=Germany;verify_with_toss_stock_info_before_live
HOT.DE,Hochtief,Hochtief,DE,Construction,Construction,False,False,seed_candidate;country=Germany;verify_with_toss_stock_info_before_live
RWE.DE,RWE,RWE,DE,Renewable Energy,Renewable Energy,False,False,seed_candidate;country=Germany;verify_with_toss_stock_info_before_live
EOAN.DE,E.ON,E.ON,DE,Energy,Energy,False,False,seed_candidate;country=Germany;verify_with_toss_stock_info_before_live
NDX1.DE,Nordex,Nordex,DE,Renewable Energy,Renewable Energy,False,False,seed_candidate;country=Germany;verify_with_toss_stock_info_before_live
VNA.DE,Vonovia,Vonovia,DE,Real Estate,Real Estate,False,False,seed_candidate;country=Germany;verify_with_toss_stock_info_before_live
HEN3.DE,Henkel,Henkel,DE,Environmental Services,Green,False,False,seed_candidate;country=Germany;verify_with_toss_stock_info_before_live
AZN.L,AstraZeneca,AstraZeneca,GB,Healthcare,Biotech,False,False,seed_candidate;country=United Kingdom;verify_with_toss_stock_info_before_live
GSK.L,GSK,GSK,GB,Healthcare,Healthcare,False,False,seed_candidate;country=United Kingdom;verify_with_toss_stock_info_before_live
SHEL.L,Shell,Shell,GB,Energy,Energy,False,False,seed_candidate;country=United Kingdom;verify_with_toss_stock_info_before_live
BP.L,BP,BP,GB,Energy,Energy,False,False,seed_candidate;country=United Kingdom;verify_with_toss_stock_info_before_live
NG.L,National Grid,National Grid,GB,Energy,Energy,False,False,seed_candidate;country=United Kingdom;verify_with_toss_stock_info_before_live
SSE.L,SSE,SSE,GB,Renewable Energy,Renewable Energy,False,False,seed_candidate;country=United Kingdom;verify_with_toss_stock_info_before_live
RR.L,Rolls-Royce Holdings,Rolls-Royce Holdings,GB,Aerospace,Aerospace,False,False,seed_candidate;country=United Kingdom;verify_with_toss_stock_info_before_live
BA.L,BAE Systems,BAE Systems,GB,Defense,Defense,False,False,seed_candidate;country=United Kingdom;verify_with_toss_stock_info_before_live
IAG.L,International Consolidated Airlines Group,International Consolidated Airlines Group,GB,Aerospace,Aerospace,False,False,seed_candidate;country=United Kingdom;verify_with_toss_stock_info_before_live
EZJ.L,easyJet,easyJet,GB,Aerospace,Aerospace,False,False,seed_candidate;country=United Kingdom;verify_with_toss_stock_info_before_live
HSBA.L,HSBC Holdings,HSBC Holdings,GB,Financial,Bank,False,False,seed_candidate;country=United Kingdom;verify_with_toss_stock_info_before_live
BARC.L,Barclays,Barclays,GB,Financial,Bank,False,False,seed_candidate;country=United Kingdom;verify_with_toss_stock_info_before_live
LLOY.L,Lloyds Banking Group,Lloyds Banking Group,GB,Financial,Bank,False,False,seed_candidate;country=United Kingdom;verify_with_toss_stock_info_before_live
NWG.L,NatWest Group,NatWest Group,GB,Financial,Bank,False,False,seed_candidate;country=United Kingdom;verify_with_toss_stock_info_before_live
LSEG.L,London Stock Exchange Group,London Stock Exchange Group,GB,Technology,AI,False,False,seed_candidate;country=United Kingdom;verify_with_toss_stock_info_before_live
REL.L,RELX,RELX,GB,Technology,AI,False,False,seed_candidate;country=United Kingdom;verify_with_toss_stock_info_before_live
III.L,3i Group,3i Group,GB,Financial,Bank,False,False,seed_candidate;country=United Kingdom;verify_with_toss_stock_info_before_live
RIO.L,Rio Tinto,Rio Tinto,GB,Resources,Resources,False,False,seed_candidate;country=United Kingdom;verify_with_toss_stock_info_before_live
GLEN.L,Glencore,Glencore,GB,Metals & Mining,Copper,False,False,seed_candidate;country=United Kingdom;verify_with_toss_stock_info_before_live
AAL.L,Anglo American,Anglo American,GB,Resources,Resources,False,False,seed_candidate;country=United Kingdom;verify_with_toss_stock_info_before_live
ANTO.L,Antofagasta,Antofagasta,GB,Metals & Mining,Copper,False,False,seed_candidate;country=United Kingdom;verify_with_toss_stock_info_before_live
CRH.L,CRH,CRH,GB,Construction,Construction,False,False,seed_candidate;country=United Kingdom;verify_with_toss_stock_info_before_live
BDEV.L,Barratt Redrow,Barratt Redrow,GB,Construction,Construction,False,False,seed_candidate;country=United Kingdom;verify_with_toss_stock_info_before_live
PSN.L,Persimmon,Persimmon,GB,Construction,Construction,False,False,seed_candidate;country=United Kingdom;verify_with_toss_stock_info_before_live
VOD.L,Vodafone Group,Vodafone Group,GB,Telecommunication,Telecom,False,False,seed_candidate;country=United Kingdom;verify_with_toss_stock_info_before_live
BT.A.L,BT Group,BT Group,GB,Telecommunication,Telecom,False,False,seed_candidate;country=United Kingdom;verify_with_toss_stock_info_before_live
ULVR.L,Unilever,Unilever,GB,Consumer,Consumer,False,False,seed_candidate;country=United Kingdom;verify_with_toss_stock_info_before_live
DGE.L,Diageo,Diageo,GB,Consumer,Consumer,False,False,seed_candidate;country=United Kingdom;verify_with_toss_stock_info_before_live
SMT.L,Scottish Mortgage Investment Trust,Scottish Mortgage Investment Trust,GB,Technology,AI,False,False,seed_candidate;country=United Kingdom;verify_with_toss_stock_info_before_live
WPP.L,WPP,WPP,GB,Technology,AI,False,False,seed_candidate;country=United Kingdom;verify_with_toss_stock_info_before_live
300750.SZ,Contemporary Amperex Technology,Contemporary Amperex Technology,CN,Battery Materials,Secondary Battery,False,False,seed_candidate;country=China;verify_with_toss_stock_info_before_live
002594.SZ,BYD,BYD,CN,Automotive,Autonomous Driving,False,False,seed_candidate;country=China;verify_with_toss_stock_info_before_live
688981.SS,Semiconductor Manufacturing International,Semiconductor Manufacturing International,CN,Semiconductor,Semiconductor,False,False,seed_candidate;country=China;verify_with_toss_stock_info_before_live
688041.SS,Hygon Information Technology,Hygon Information Technology,CN,Semiconductor,Semiconductor,False,False,seed_candidate;country=China;verify_with_toss_stock_info_before_live
603501.SS,Will Semiconductor,Will Semiconductor,CN,Semiconductor,Semiconductor,False,False,seed_candidate;country=China;verify_with_toss_stock_info_before_live
000063.SZ,ZTE,ZTE,CN,Technology,AI,False,False,seed_candidate;country=China;verify_with_toss_stock_info_before_live
002415.SZ,Hangzhou Hikvision Digital Technology,Hangzhou Hikvision Digital Technology,CN,Technology,AI,False,False,seed_candidate;country=China;verify_with_toss_stock_info_before_live
000333.SZ,Midea Group,Midea Group,CN,Industrial Automation,Robotics,False,False,seed_candidate;country=China;verify_with_toss_stock_info_before_live
000651.SZ,Gree Electric Appliances,Gree Electric Appliances,CN,Industrial Automation,Robotics,False,False,seed_candidate;country=China;verify_with_toss_stock_info_before_live
601012.SS,LONGi Green Energy Technology,LONGi Green Energy Technology,CN,Renewable Energy,Renewable Energy,False,False,seed_candidate;country=China;verify_with_toss_stock_info_before_live
600438.SS,Tongwei,Tongwei,CN,Renewable Energy,Renewable Energy,False,False,seed_candidate;country=China;verify_with_toss_stock_info_before_live
601857.SS,PetroChina,PetroChina,CN,Energy,Energy,False,False,seed_candidate;country=China;verify_with_toss_stock_info_before_live
600028.SS,China Petroleum & Chemical,China Petroleum & Chemical,CN,Energy,Energy,False,False,seed_candidate;country=China;verify_with_toss_stock_info_before_live
601088.SS,China Shenhua Energy,China Shenhua Energy,CN,Resources,Resources,False,False,seed_candidate;country=China;verify_with_toss_stock_info_before_live
601899.SS,Zijin Mining Group,Zijin Mining Group,CN,Metals & Mining,Copper,False,False,seed_candidate;country=China;verify_with_toss_stock_info_before_live
600547.SS,Shandong Gold Mining,Shandong Gold Mining,CN,Resources,Resources,False,False,seed_candidate;country=China;verify_with_toss_stock_info_before_live
600276.SS,Jiangsu Hengrui Pharmaceuticals,Jiangsu Hengrui Pharmaceuticals,CN,Healthcare,Biotech,False,False,seed_candidate;country=China;verify_with_toss_stock_info_before_live
300760.SZ,Shenzhen Mindray Bio-Medical Electronics,Shenzhen Mindray Bio-Medical Electronics,CN,Healthcare,Healthcare,False,False,seed_candidate;country=China;verify_with_toss_stock_info_before_live
601668.SS,China State Construction Engineering,China State Construction Engineering,CN,Construction,Construction,False,False,seed_candidate;country=China;verify_with_toss_stock_info_before_live
601390.SS,China Railway Group,China Railway Group,CN,Construction,Construction,False,False,seed_candidate;country=China;verify_with_toss_stock_info_before_live
601186.SS,China Railway Construction,China Railway Construction,CN,Construction,Construction,False,False,seed_candidate;country=China;verify_with_toss_stock_info_before_live
600893.SS,AVIC Shenyang Aircraft,AVIC Shenyang Aircraft,CN,Defense,Defense,False,False,seed_candidate;country=China;verify_with_toss_stock_info_before_live
600760.SS,AVIC Xi'an Aircraft Industry Group,AVIC Xi'an Aircraft Industry Group,CN,Aerospace,Aerospace,False,False,seed_candidate;country=China;verify_with_toss_stock_info_before_live
601318.SS,Ping An Insurance,Ping An Insurance,CN,Insurance,Insurance,False,False,seed_candidate;country=China;verify_with_toss_stock_info_before_live
600036.SS,China Merchants Bank,China Merchants Bank,CN,Financial,Bank,False,False,seed_candidate;country=China;verify_with_toss_stock_info_before_live
601398.SS,Industrial and Commercial Bank of China,Industrial and Commercial Bank of China,CN,Financial,Bank,False,False,seed_candidate;country=China;verify_with_toss_stock_info_before_live
601288.SS,Agricultural Bank of China,Agricultural Bank of China,CN,Financial,Bank,False,False,seed_candidate;country=China;verify_with_toss_stock_info_before_live
601939.SS,China Construction Bank,China Construction Bank,CN,Financial,Bank,False,False,seed_candidate;country=China;verify_with_toss_stock_info_before_live
601988.SS,Bank of China,Bank of China,CN,Financial,Bank,False,False,seed_candidate;country=China;verify_with_toss_stock_info_before_live
600030.SS,CITIC Securities,CITIC Securities,CN,Financial,Bank,False,False,seed_candidate;country=China;verify_with_toss_stock_info_before_live
D05.SI,DBS Group Holdings,DBS Group Holdings,SG,Financial,Bank,False,False,seed_candidate;country=Singapore;verify_with_toss_stock_info_before_live
O39.SI,Oversea-Chinese Banking Corporation,Oversea-Chinese Banking Corporation,SG,Financial,Bank,False,False,seed_candidate;country=Singapore;verify_with_toss_stock_info_before_live
U11.SI,United Overseas Bank,United Overseas Bank,SG,Financial,Bank,False,False,seed_candidate;country=Singapore;verify_with_toss_stock_info_before_live
S68.SI,Singapore Exchange,Singapore Exchange,SG,Financial,Bank,False,False,seed_candidate;country=Singapore;verify_with_toss_stock_info_before_live
Z74.SI,Singapore Telecommunications,Singapore Telecommunications,SG,Telecommunication,Telecom,False,False,seed_candidate;country=Singapore;verify_with_toss_stock_info_before_live
S63.SI,Singapore Technologies Engineering,Singapore Technologies Engineering,SG,Defense,Defense,False,False,seed_candidate;country=Singapore;verify_with_toss_stock_info_before_live
C6L.SI,Singapore Airlines,Singapore Airlines,SG,Aerospace,Aerospace,False,False,seed_candidate;country=Singapore;verify_with_toss_stock_info_before_live
S58.SI,SATS,SATS,SG,Transportation,Logistics,False,False,seed_candidate;country=Singapore;verify_with_toss_stock_info_before_live
BN4.SI,Keppel,Keppel,SG,Environmental Services,Green,False,False,seed_candidate;country=Singapore;verify_with_toss_stock_info_before_live
U96.SI,Sembcorp Industries,Sembcorp Industries,SG,Renewable Energy,Renewable Energy,False,False,seed_candidate;country=Singapore;verify_with_toss_stock_info_before_live
S51.SI,Seatrium,Seatrium,SG,Energy,Energy,False,False,seed_candidate;country=Singapore;verify_with_toss_stock_info_before_live
BS6.SI,Yangzijiang Shipbuilding Holdings,Yangzijiang Shipbuilding Holdings,SG,Defense,Defense,False,False,seed_candidate;country=Singapore;verify_with_toss_stock_info_before_live
V03.SI,Venture Corporation,Venture Corporation,SG,Semiconductor,Semiconductor,False,False,seed_candidate;country=Singapore;verify_with_toss_stock_info_before_live
AWX.SI,AEM Holdings,AEM Holdings,SG,Semiconductor,Semiconductor,False,False,seed_candidate;country=Singapore;verify_with_toss_stock_info_before_live
558.SI,UMS Integration,UMS Integration,SG,Semiconductor,Semiconductor,False,False,seed_candidate;country=Singapore;verify_with_toss_stock_info_before_live
MZH.SI,Nanofilm Technologies International,Nanofilm Technologies International,SG,Semiconductor,Semiconductor,False,False,seed_candidate;country=Singapore;verify_with_toss_stock_info_before_live
AIY.SI,iFAST Corporation,iFAST Corporation,SG,Technology,AI,False,False,seed_candidate;country=Singapore;verify_with_toss_stock_info_before_live
BSL.SI,Raffles Medical Group,Raffles Medical Group,SG,Healthcare,Healthcare,False,False,seed_candidate;country=Singapore;verify_with_toss_stock_info_before_live
C09.SI,City Developments,City Developments,SG,Construction,Construction,False,False,seed_candidate;country=Singapore;verify_with_toss_stock_info_before_live
C38U.SI,CapitaLand Integrated Commercial Trust,CapitaLand Integrated Commercial Trust,SG,Real Estate,Real Estate,False,False,seed_candidate;country=Singapore;verify_with_toss_stock_info_before_live
A17U.SI,CapitaLand Ascendas REIT,CapitaLand Ascendas REIT,SG,Real Estate,Real Estate,False,False,seed_candidate;country=Singapore;verify_with_toss_stock_info_before_live
M44U.SI,Mapletree Logistics Trust,Mapletree Logistics Trust,SG,Transportation,Logistics,False,False,seed_candidate;country=Singapore;verify_with_toss_stock_info_before_live
ME8U.SI,Mapletree Industrial Trust,Mapletree Industrial Trust,SG,Real Estate,Real Estate,False,False,seed_candidate;country=Singapore;verify_with_toss_stock_info_before_live
BUOU.SI,Frasers Logistics & Commercial Trust,Frasers Logistics & Commercial Trust,SG,Transportation,Logistics,False,False,seed_candidate;country=Singapore;verify_with_toss_stock_info_before_live
F34.SI,Wilmar International,Wilmar International,SG,Resources,Resources,False,False,seed_candidate;country=Singapore;verify_with_toss_stock_info_before_live
VC2.SI,Olam Group,Olam Group,SG,Resources,Resources,False,False,seed_candidate;country=Singapore;verify_with_toss_stock_info_before_live
C52.SI,ComfortDelGro,ComfortDelGro,SG,Environmental Services,Green,False,False,seed_candidate;country=Singapore;verify_with_toss_stock_info_before_live
G13.SI,Genting Singapore,Genting Singapore,SG,Consumer,Consumer,False,False,seed_candidate;country=Singapore;verify_with_toss_stock_info_before_live
Y92.SI,Thai Beverage,Thai Beverage,SG,Consumer,Consumer,False,False,seed_candidate;country=Singapore;verify_with_toss_stock_info_before_live
H78.SI,Hongkong Land Holdings,Hongkong Land Holdings,SG,Real Estate,Real Estate,False,False,seed_candidate;country=Singapore;verify_with_toss_stock_info_before_live
BHP.AX,BHP Group,BHP Group,AU,Resources,Resources,False,False,seed_candidate;country=Australia;verify_with_toss_stock_info_before_live
RIO.AX,Rio Tinto,Rio Tinto,AU,Resources,Resources,False,False,seed_candidate;country=Australia;verify_with_toss_stock_info_before_live
FMG.AX,Fortescue,Fortescue,AU,Resources,Resources,False,False,seed_candidate;country=Australia;verify_with_toss_stock_info_before_live
SFR.AX,Sandfire Resources,Sandfire Resources,AU,Metals & Mining,Copper,False,False,seed_candidate;country=Australia;verify_with_toss_stock_info_before_live
MIN.AX,Mineral Resources,Mineral Resources,AU,Battery Materials,Secondary Battery,False,False,seed_candidate;country=Australia;verify_with_toss_stock_info_before_live
PLS.AX,Pilbara Minerals,Pilbara Minerals,AU,Battery Materials,Secondary Battery,False,False,seed_candidate;country=Australia;verify_with_toss_stock_info_before_live
LTR.AX,Liontown Resources,Liontown Resources,AU,Battery Materials,Secondary Battery,False,False,seed_candidate;country=Australia;verify_with_toss_stock_info_before_live
IGO.AX,IGO,IGO,AU,Battery Materials,Secondary Battery,False,False,seed_candidate;country=Australia;verify_with_toss_stock_info_before_live
LYC.AX,Lynas Rare Earths,Lynas Rare Earths,AU,Resources,Resources,False,False,seed_candidate;country=Australia;verify_with_toss_stock_info_before_live
WDS.AX,Woodside Energy Group,Woodside Energy Group,AU,Energy,Energy,False,False,seed_candidate;country=Australia;verify_with_toss_stock_info_before_live
STO.AX,Santos,Santos,AU,Energy,Energy,False,False,seed_candidate;country=Australia;verify_with_toss_stock_info_before_live
ORG.AX,Origin Energy,Origin Energy,AU,Energy,Energy,False,False,seed_candidate;country=Australia;verify_with_toss_stock_info_before_live
AGL.AX,AGL Energy,AGL Energy,AU,Renewable Energy,Renewable Energy,False,False,seed_candidate;country=Australia;verify_with_toss_stock_info_before_live
CBA.AX,Commonwealth Bank of Australia,Commonwealth Bank of Australia,AU,Financial,Bank,False,False,seed_candidate;country=Australia;verify_with_toss_stock_info_before_live
WBC.AX,Westpac Banking Corporation,Westpac Banking Corporation,AU,Financial,Bank,False,False,seed_candidate;country=Australia;verify_with_toss_stock_info_before_live
NAB.AX,National Australia Bank,National Australia Bank,AU,Financial,Bank,False,False,seed_candidate;country=Australia;verify_with_toss_stock_info_before_live
ANZ.AX,ANZ Group Holdings,ANZ Group Holdings,AU,Financial,Bank,False,False,seed_candidate;country=Australia;verify_with_toss_stock_info_before_live
MQG.AX,Macquarie Group,Macquarie Group,AU,Financial,Bank,False,False,seed_candidate;country=Australia;verify_with_toss_stock_info_before_live
CSL.AX,CSL,CSL,AU,Healthcare,Biotech,False,False,seed_candidate;country=Australia;verify_with_toss_stock_info_before_live
COH.AX,Cochlear,Cochlear,AU,Healthcare,Healthcare,False,False,seed_candidate;country=Australia;verify_with_toss_stock_info_before_live
RMD.AX,ResMed,ResMed,AU,Healthcare,Healthcare,False,False,seed_candidate;country=Australia;verify_with_toss_stock_info_before_live
XRO.AX,Xero,Xero,AU,Technology,AI,False,False,seed_candidate;country=Australia;verify_with_toss_stock_info_before_live
WTC.AX,WiseTech Global,WiseTech Global,AU,Technology,AI,False,False,seed_candidate;country=Australia;verify_with_toss_stock_info_before_live
ALU.AX,Altium,Altium,AU,Semiconductor,Semiconductor,False,False,seed_candidate;country=Australia;verify_with_toss_stock_info_before_live
NXT.AX,NEXTDC,NEXTDC,AU,Technology,AI,False,False,seed_candidate;country=Australia;verify_with_toss_stock_info_before_live
REA.AX,REA Group,REA Group,AU,Technology,AI,False,False,seed_candidate;country=Australia;verify_with_toss_stock_info_before_live
TCL.AX,Transurban Group,Transurban Group,AU,Construction,Construction,False,False,seed_candidate;country=Australia;verify_with_toss_stock_info_before_live
QAN.AX,Qantas Airways,Qantas Airways,AU,Aerospace,Aerospace,False,False,seed_candidate;country=Australia;verify_with_toss_stock_info_before_live
WES.AX,Wesfarmers,Wesfarmers,AU,Resources,Resources,False,False,seed_candidate;country=Australia;verify_with_toss_stock_info_before_live
WOW.AX,Woolworths Group,Woolworths Group,AU,Consumer,Consumer,False,False,seed_candidate;country=Australia;verify_with_toss_stock_info_before_live
PETR4.SA,Petroleo Brasileiro,Petroleo Brasileiro,BR,Energy,Energy,False,False,seed_candidate;country=Brazil;verify_with_toss_stock_info_before_live
PRIO3.SA,PRIO,PRIO,BR,Energy,Energy,False,False,seed_candidate;country=Brazil;verify_with_toss_stock_info_before_live
CSAN3.SA,Cosan,Cosan,BR,Energy,Energy,False,False,seed_candidate;country=Brazil;verify_with_toss_stock_info_before_live
ELET3.SA,Eletrobras,Eletrobras,BR,Renewable Energy,Renewable Energy,False,False,seed_candidate;country=Brazil;verify_with_toss_stock_info_before_live
ENEV3.SA,Eneva,Eneva,BR,Energy,Energy,False,False,seed_candidate;country=Brazil;verify_with_toss_stock_info_before_live
EQTL3.SA,Equatorial Energia,Equatorial Energia,BR,Energy,Energy,False,False,seed_candidate;country=Brazil;verify_with_toss_stock_info_before_live
CPFE3.SA,CPFL Energia,CPFL Energia,BR,Renewable Energy,Renewable Energy,False,False,seed_candidate;country=Brazil;verify_with_toss_stock_info_before_live
EGIE3.SA,ENGIE Brasil Energia,ENGIE Brasil Energia,BR,Renewable Energy,Renewable Energy,False,False,seed_candidate;country=Brazil;verify_with_toss_stock_info_before_live
VALE3.SA,Vale,Vale,BR,Resources,Resources,False,False,seed_candidate;country=Brazil;verify_with_toss_stock_info_before_live
GGBR4.SA,Gerdau,Gerdau,BR,Resources,Resources,False,False,seed_candidate;country=Brazil;verify_with_toss_stock_info_before_live
CSNA3.SA,Companhia Siderurgica Nacional,Companhia Siderurgica Nacional,BR,Resources,Resources,False,False,seed_candidate;country=Brazil;verify_with_toss_stock_info_before_live
USIM5.SA,Usinas Siderurgicas de Minas Gerais,Usinas Siderurgicas de Minas Gerais,BR,Resources,Resources,False,False,seed_candidate;country=Brazil;verify_with_toss_stock_info_before_live
SUZB3.SA,Suzano,Suzano,BR,Resources,Resources,False,False,seed_candidate;country=Brazil;verify_with_toss_stock_info_before_live
KLBN11.SA,Klabin,Klabin,BR,Resources,Resources,False,False,seed_candidate;country=Brazil;verify_with_toss_stock_info_before_live
ITUB4.SA,Itau Unibanco Holding,Itau Unibanco Holding,BR,Financial,Bank,False,False,seed_candidate;country=Brazil;verify_with_toss_stock_info_before_live
BBDC4.SA,Banco Bradesco,Banco Bradesco,BR,Financial,Bank,False,False,seed_candidate;country=Brazil;verify_with_toss_stock_info_before_live
BBAS3.SA,Banco do Brasil,Banco do Brasil,BR,Financial,Bank,False,False,seed_candidate;country=Brazil;verify_with_toss_stock_info_before_live
SANB11.SA,Banco Santander Brasil,Banco Santander Brasil,BR,Financial,Bank,False,False,seed_candidate;country=Brazil;verify_with_toss_stock_info_before_live
B3SA3.SA,B3,B3,BR,Financial,Bank,False,False,seed_candidate;country=Brazil;verify_with_toss_stock_info_before_live
WEGE3.SA,WEG,WEG,BR,Industrial Automation,Robotics,False,False,seed_candidate;country=Brazil;verify_with_toss_stock_info_before_live
EMBR3.SA,Embraer,Embraer,BR,Aerospace,Aerospace,False,False,seed_candidate;country=Brazil;verify_with_toss_stock_info_before_live
TOTS3.SA,TOTVS,TOTVS,BR,Technology,AI,False,False,seed_candidate;country=Brazil;verify_with_toss_stock_info_before_live
RADL3.SA,Raia Drogasil,Raia Drogasil,BR,Healthcare,Healthcare,False,False,seed_candidate;country=Brazil;verify_with_toss_stock_info_before_live
HAPV3.SA,Hapvida Participacoes,Hapvida Participacoes,BR,Healthcare,Healthcare,False,False,seed_candidate;country=Brazil;verify_with_toss_stock_info_before_live
RDOR3.SA,Rede D'Or Sao Luiz,Rede D'Or Sao Luiz,BR,Healthcare,Healthcare,False,False,seed_candidate;country=Brazil;verify_with_toss_stock_info_before_live
CYRE3.SA,Cyrela Brazil Realty,Cyrela Brazil Realty,BR,Construction,Construction,False,False,seed_candidate;country=Brazil;verify_with_toss_stock_info_before_live
MRVE3.SA,MRV Engenharia e Participacoes,MRV Engenharia e Participacoes,BR,Construction,Construction,False,False,seed_candidate;country=Brazil;verify_with_toss_stock_info_before_live
JBSS3.SA,JBS,JBS,BR,Consumer,Consumer,False,False,seed_candidate;country=Brazil;verify_with_toss_stock_info_before_live
BRFS3.SA,BRF,BRF,BR,Consumer,Consumer,False,False,seed_candidate;country=Brazil;verify_with_toss_stock_info_before_live
LREN3.SA,Lojas Renner,Lojas Renner,BR,Consumer,Consumer,False,False,seed_candidate;country=Brazil;verify_with_toss_stock_info_before_live
2222.SR,Saudi Arabian Oil Company,Saudi Arabian Oil Company,SA,Energy,Energy,False,False,seed_candidate;country=Saudi Arabia;verify_with_toss_stock_info_before_live
2010.SR,Saudi Basic Industries Corporation,Saudi Basic Industries Corporation,SA,Resources,Resources,False,False,seed_candidate;country=Saudi Arabia;verify_with_toss_stock_info_before_live
1211.SR,Saudi Arabian Mining Company,Saudi Arabian Mining Company,SA,Resources,Resources,False,False,seed_candidate;country=Saudi Arabia;verify_with_toss_stock_info_before_live
2082.SR,ACWA Power,ACWA Power,SA,Renewable Energy,Renewable Energy,False,False,seed_candidate;country=Saudi Arabia;verify_with_toss_stock_info_before_live
5110.SR,Saudi Electricity Company,Saudi Electricity Company,SA,Energy,Energy,False,False,seed_candidate;country=Saudi Arabia;verify_with_toss_stock_info_before_live
7010.SR,Saudi Telecom Company,Saudi Telecom Company,SA,Telecommunication,Telecom,False,False,seed_candidate;country=Saudi Arabia;verify_with_toss_stock_info_before_live
7203.SR,Elm Company,Elm Company,SA,Technology,AI,False,False,seed_candidate;country=Saudi Arabia;verify_with_toss_stock_info_before_live
1120.SR,Al Rajhi Bank,Al Rajhi Bank,SA,Financial,Bank,False,False,seed_candidate;country=Saudi Arabia;verify_with_toss_stock_info_before_live
1180.SR,Saudi National Bank,Saudi National Bank,SA,Financial,Bank,False,False,seed_candidate;country=Saudi Arabia;verify_with_toss_stock_info_before_live
1150.SR,Alinma Bank,Alinma Bank,SA,Financial,Bank,False,False,seed_candidate;country=Saudi Arabia;verify_with_toss_stock_info_before_live
1010.SR,Riyad Bank,Riyad Bank,SA,Financial,Bank,False,False,seed_candidate;country=Saudi Arabia;verify_with_toss_stock_info_before_live
1020.SR,Bank AlJazira,Bank AlJazira,SA,Financial,Bank,False,False,seed_candidate;country=Saudi Arabia;verify_with_toss_stock_info_before_live
1050.SR,Banque Saudi Fransi,Banque Saudi Fransi,SA,Financial,Bank,False,False,seed_candidate;country=Saudi Arabia;verify_with_toss_stock_info_before_live
1060.SR,Saudi Awwal Bank,Saudi Awwal Bank,SA,Financial,Bank,False,False,seed_candidate;country=Saudi Arabia;verify_with_toss_stock_info_before_live
1140.SR,Bank Albilad,Bank Albilad,SA,Financial,Bank,False,False,seed_candidate;country=Saudi Arabia;verify_with_toss_stock_info_before_live
2330.SR,Advanced Petrochemical Company,Advanced Petrochemical Company,SA,Resources,Resources,False,False,seed_candidate;country=Saudi Arabia;verify_with_toss_stock_info_before_live
2350.SR,Saudi Kayan Petrochemical,Saudi Kayan Petrochemical,SA,Resources,Resources,False,False,seed_candidate;country=Saudi Arabia;verify_with_toss_stock_info_before_live
2290.SR,Yanbu National Petrochemical,Yanbu National Petrochemical,SA,Resources,Resources,False,False,seed_candidate;country=Saudi Arabia;verify_with_toss_stock_info_before_live
2310.SR,Sahara International Petrochemical,Sahara International Petrochemical,SA,Resources,Resources,False,False,seed_candidate;country=Saudi Arabia;verify_with_toss_stock_info_before_live
2060.SR,National Industrialization Company,National Industrialization Company,SA,Resources,Resources,False,False,seed_candidate;country=Saudi Arabia;verify_with_toss_stock_info_before_live
4030.SR,National Shipping Company of Saudi Arabia,National Shipping Company of Saudi Arabia,SA,Transportation,Logistics,False,False,seed_candidate;country=Saudi Arabia;verify_with_toss_stock_info_before_live
4013.SR,Dr. Sulaiman Al Habib Medical Services,Dr. Sulaiman Al Habib Medical Services,SA,Healthcare,Healthcare,False,False,seed_candidate;country=Saudi Arabia;verify_with_toss_stock_info_before_live
4002.SR,Mouwasat Medical Services,Mouwasat Medical Services,SA,Healthcare,Healthcare,False,False,seed_candidate;country=Saudi Arabia;verify_with_toss_stock_info_before_live
4004.SR,Dallah Healthcare,Dallah Healthcare,SA,Healthcare,Healthcare,False,False,seed_candidate;country=Saudi Arabia;verify_with_toss_stock_info_before_live
4009.SR,Middle East Healthcare Company,Middle East Healthcare Company,SA,Healthcare,Healthcare,False,False,seed_candidate;country=Saudi Arabia;verify_with_toss_stock_info_before_live
3030.SR,Saudi Cement Company,Saudi Cement Company,SA,Construction,Construction,False,False,seed_candidate;country=Saudi Arabia;verify_with_toss_stock_info_before_live
3020.SR,Yamama Cement Company,Yamama Cement Company,SA,Construction,Construction,False,False,seed_candidate;country=Saudi Arabia;verify_with_toss_stock_info_before_live
3050.SR,Southern Province Cement Company,Southern Province Cement Company,SA,Construction,Construction,False,False,seed_candidate;country=Saudi Arabia;verify_with_toss_stock_info_before_live
1304.SR,Al Yamamah Steel Industries,Al Yamamah Steel Industries,SA,Construction,Construction,False,False,seed_candidate;country=Saudi Arabia;verify_with_toss_stock_info_before_live
2240.SR,Zamil Industrial Investment,Zamil Industrial Investment,SA,Construction,Construction,False,False,seed_candidate;country=Saudi Arabia;verify_with_toss_stock_info_before_live
BBCA.JK,Bank Central Asia,Bank Central Asia,ID,Financial,Bank,False,False,seed_candidate;country=Indonesia;verify_with_toss_stock_info_before_live
BBRI.JK,Bank Rakyat Indonesia,Bank Rakyat Indonesia,ID,Financial,Bank,False,False,seed_candidate;country=Indonesia;verify_with_toss_stock_info_before_live
BMRI.JK,Bank Mandiri,Bank Mandiri,ID,Financial,Bank,False,False,seed_candidate;country=Indonesia;verify_with_toss_stock_info_before_live
BBNI.JK,Bank Negara Indonesia,Bank Negara Indonesia,ID,Financial,Bank,False,False,seed_candidate;country=Indonesia;verify_with_toss_stock_info_before_live
TLKM.JK,Telkom Indonesia,Telkom Indonesia,ID,Telecommunication,Telecom,False,False,seed_candidate;country=Indonesia;verify_with_toss_stock_info_before_live
GOTO.JK,GoTo Gojek Tokopedia,GoTo Gojek Tokopedia,ID,Technology,AI,False,False,seed_candidate;country=Indonesia;verify_with_toss_stock_info_before_live
BUKA.JK,Bukalapak.com,Bukalapak.com,ID,Technology,AI,False,False,seed_candidate;country=Indonesia;verify_with_toss_stock_info_before_live
ASII.JK,Astra International,Astra International,ID,Automotive,Autonomous Driving,False,False,seed_candidate;country=Indonesia;verify_with_toss_stock_info_before_live
ANTM.JK,Aneka Tambang,Aneka Tambang,ID,Battery Materials,Secondary Battery,False,False,seed_candidate;country=Indonesia;verify_with_toss_stock_info_before_live
INCO.JK,Vale Indonesia,Vale Indonesia,ID,Battery Materials,Secondary Battery,False,False,seed_candidate;country=Indonesia;verify_with_toss_stock_info_before_live
MDKA.JK,Merdeka Copper Gold,Merdeka Copper Gold,ID,Metals & Mining,Copper,False,False,seed_candidate;country=Indonesia;verify_with_toss_stock_info_before_live
TINS.JK,Timah,Timah,ID,Resources,Resources,False,False,seed_candidate;country=Indonesia;verify_with_toss_stock_info_before_live
PTBA.JK,Bukit Asam,Bukit Asam,ID,Resources,Resources,False,False,seed_candidate;country=Indonesia;verify_with_toss_stock_info_before_live
ADRO.JK,Alamtri Resources Indonesia,Alamtri Resources Indonesia,ID,Resources,Resources,False,False,seed_candidate;country=Indonesia;verify_with_toss_stock_info_before_live
ITMG.JK,Indo Tambangraya Megah,Indo Tambangraya Megah,ID,Resources,Resources,False,False,seed_candidate;country=Indonesia;verify_with_toss_stock_info_before_live
PGAS.JK,Perusahaan Gas Negara,Perusahaan Gas Negara,ID,Energy,Energy,False,False,seed_candidate;country=Indonesia;verify_with_toss_stock_info_before_live
MEDC.JK,Medco Energi Internasional,Medco Energi Internasional,ID,Energy,Energy,False,False,seed_candidate;country=Indonesia;verify_with_toss_stock_info_before_live
AKRA.JK,AKR Corporindo,AKR Corporindo,ID,Energy,Energy,False,False,seed_candidate;country=Indonesia;verify_with_toss_stock_info_before_live
KLBF.JK,Kalbe Farma,Kalbe Farma,ID,Healthcare,Healthcare,False,False,seed_candidate;country=Indonesia;verify_with_toss_stock_info_before_live
MIKA.JK,Mitra Keluarga Karyasehat,Mitra Keluarga Karyasehat,ID,Healthcare,Healthcare,False,False,seed_candidate;country=Indonesia;verify_with_toss_stock_info_before_live
HEAL.JK,Medikaloka Hermina,Medikaloka Hermina,ID,Healthcare,Healthcare,False,False,seed_candidate;country=Indonesia;verify_with_toss_stock_info_before_live
SIDO.JK,Industri Jamu dan Farmasi Sido Muncul,Industri Jamu dan Farmasi Sido Muncul,ID,Healthcare,Healthcare,False,False,seed_candidate;country=Indonesia;verify_with_toss_stock_info_before_live
SMGR.JK,Semen Indonesia,Semen Indonesia,ID,Construction,Construction,False,False,seed_candidate;country=Indonesia;verify_with_toss_stock_info_before_live
INTP.JK,Indocement Tunggal Prakarsa,Indocement Tunggal Prakarsa,ID,Construction,Construction,False,False,seed_candidate;country=Indonesia;verify_with_toss_stock_info_before_live
WIKA.JK,Wijaya Karya,Wijaya Karya,ID,Construction,Construction,False,False,seed_candidate;country=Indonesia;verify_with_toss_stock_info_before_live
PTPP.JK,PP Persero,PP Persero,ID,Construction,Construction,False,False,seed_candidate;country=Indonesia;verify_with_toss_stock_info_before_live
ADHI.JK,Adhi Karya,Adhi Karya,ID,Construction,Construction,False,False,seed_candidate;country=Indonesia;verify_with_toss_stock_info_before_live
JSMR.JK,Jasa Marga,Jasa Marga,ID,Construction,Construction,False,False,seed_candidate;country=Indonesia;verify_with_toss_stock_info_before_live
INDF.JK,Indofood Sukses Makmur,Indofood Sukses Makmur,ID,Consumer,Consumer,False,False,seed_candidate;country=Indonesia;verify_with_toss_stock_info_before_live
ICBP.JK,Indofood CBP Sukses Makmur,Indofood CBP Sukses Makmur,ID,Consumer,Consumer,False,False,seed_candidate;country=Indonesia;verify_with_toss_stock_info_before_live
ENI.MI,Eni,Eni,IT,Energy,Energy,False,False,seed_candidate;country=Italy;verify_with_toss_stock_info_before_live
ENEL.MI,Enel,Enel,IT,Renewable Energy,Renewable Energy,False,False,seed_candidate;country=Italy;verify_with_toss_stock_info_before_live
TRN.MI,Terna,Terna,IT,Energy,Energy,False,False,seed_candidate;country=Italy;verify_with_toss_stock_info_before_live
SRG.MI,Snam,Snam,IT,Energy,Energy,False,False,seed_candidate;country=Italy;verify_with_toss_stock_info_before_live
A2A.MI,A2A,A2A,IT,Renewable Energy,Renewable Energy,False,False,seed_candidate;country=Italy;verify_with_toss_stock_info_before_live
ERG.MI,ERG,ERG,IT,Renewable Energy,Renewable Energy,False,False,seed_candidate;country=Italy;verify_with_toss_stock_info_before_live
IG.MI,Italgas,Italgas,IT,Energy,Energy,False,False,seed_candidate;country=Italy;verify_with_toss_stock_info_before_live
ISP.MI,Intesa Sanpaolo,Intesa Sanpaolo,IT,Financial,Bank,False,False,seed_candidate;country=Italy;verify_with_toss_stock_info_before_live
UCG.MI,UniCredit,UniCredit,IT,Financial,Bank,False,False,seed_candidate;country=Italy;verify_with_toss_stock_info_before_live
BMED.MI,Banca Mediolanum,Banca Mediolanum,IT,Financial,Bank,False,False,seed_candidate;country=Italy;verify_with_toss_stock_info_before_live
BPE.MI,BPER Banca,BPER Banca,IT,Financial,Bank,False,False,seed_candidate;country=Italy;verify_with_toss_stock_info_before_live
MB.MI,Mediobanca,Mediobanca,IT,Financial,Bank,False,False,seed_candidate;country=Italy;verify_with_toss_stock_info_before_live
G.MI,Assicurazioni Generali,Assicurazioni Generali,IT,Insurance,Insurance,False,False,seed_candidate;country=Italy;verify_with_toss_stock_info_before_live
STLAM.MI,Stellantis,Stellantis,IT,Automotive,Autonomous Driving,False,False,seed_candidate;country=Italy;verify_with_toss_stock_info_before_live
RACE.MI,Ferrari,Ferrari,IT,Automotive,Autonomous Driving,False,False,seed_candidate;country=Italy;verify_with_toss_stock_info_before_live
CNHI.MI,CNH Industrial,CNH Industrial,IT,Industrial Automation,Robotics,False,False,seed_candidate;country=Italy;verify_with_toss_stock_info_before_live
LDO.MI,Leonardo,Leonardo,IT,Defense,Defense,False,False,seed_candidate;country=Italy;verify_with_toss_stock_info_before_live
FCT.MI,Fincantieri,Fincantieri,IT,Defense,Defense,False,False,seed_candidate;country=Italy;verify_with_toss_stock_info_before_live
PRY.MI,Prysmian,Prysmian,IT,Metals & Mining,Copper,False,False,seed_candidate;country=Italy;verify_with_toss_stock_info_before_live
STM.MI,STMicroelectronics,STMicroelectronics,IT,Semiconductor,Semiconductor,False,False,seed_candidate;country=Italy;verify_with_toss_stock_info_before_live
AMP.MI,Amplifon,Amplifon,IT,Healthcare,Healthcare,False,False,seed_candidate;country=Italy;verify_with_toss_stock_info_before_live
DIA.MI,DiaSorin,DiaSorin,IT,Healthcare,Biotech,False,False,seed_candidate;country=Italy;verify_with_toss_stock_info_before_live
REC.MI,Recordati,Recordati,IT,Healthcare,Healthcare,False,False,seed_candidate;country=Italy;verify_with_toss_stock_info_before_live
TEN.MI,Tenaris,Tenaris,IT,Resources,Resources,False,False,seed_candidate;country=Italy;verify_with_toss_stock_info_before_live
BZU.MI,Buzzi,Buzzi,IT,Construction,Construction,False,False,seed_candidate;country=Italy;verify_with_toss_stock_info_before_live
PIRC.MI,Pirelli,Pirelli,IT,Automotive,Autonomous Driving,False,False,seed_candidate;country=Italy;verify_with_toss_stock_info_before_live
TIT.MI,Telecom Italia,Telecom Italia,IT,Telecommunication,Telecom,False,False,seed_candidate;country=Italy;verify_with_toss_stock_info_before_live
INW.MI,Infrastrutture Wireless Italiane,Infrastrutture Wireless Italiane,IT,Telecommunication,Telecom,False,False,seed_candidate;country=Italy;verify_with_toss_stock_info_before_live
MONC.MI,Moncler,Moncler,IT,Consumer,Consumer,False,False,seed_candidate;country=Italy;verify_with_toss_stock_info_before_live
CPR.MI,Davide Campari-Milano,Davide Campari-Milano,IT,Consumer,Consumer,False,False,seed_candidate;country=Italy;verify_with_toss_stock_info_before_live
NOVN.SW,Novartis,Novartis,CH,Healthcare,Healthcare,False,False,seed_candidate;country=Switzerland;verify_with_toss_stock_info_before_live
ROG.SW,Roche Holding,Roche Holding,CH,Healthcare,Biotech,False,False,seed_candidate;country=Switzerland;verify_with_toss_stock_info_before_live
SANN.SW,Santhera Pharmaceuticals,Santhera Pharmaceuticals,CH,Healthcare,Biotech,False,False,seed_candidate;country=Switzerland;verify_with_toss_stock_info_before_live
ABBN.SW,ABB,ABB,CH,Industrial Automation,Robotics,False,False,seed_candidate;country=Switzerland;verify_with_toss_stock_info_before_live
LOGN.SW,Logitech International,Logitech International,CH,Technology,AI,False,False,seed_candidate;country=Switzerland;verify_with_toss_stock_info_before_live
TEMN.SW,Temenos,Temenos,CH,Technology,AI,False,False,seed_candidate;country=Switzerland;verify_with_toss_stock_info_before_live
SOON.SW,Sonova Holding,Sonova Holding,CH,Healthcare,Healthcare,False,False,seed_candidate;country=Switzerland;verify_with_toss_stock_info_before_live
VATN.SW,VAT Group,VAT Group,CH,Semiconductor,Semiconductor,False,False,seed_candidate;country=Switzerland;verify_with_toss_stock_info_before_live
AMS.SW,ams-OSRAM,ams-OSRAM,CH,Semiconductor,Semiconductor,False,False,seed_candidate;country=Switzerland;verify_with_toss_stock_info_before_live
SLHN.SW,Swiss Life Holding,Swiss Life Holding,CH,Insurance,Insurance,False,False,seed_candidate;country=Switzerland;verify_with_toss_stock_info_before_live
UBSG.SW,UBS Group,UBS Group,CH,Financial,Bank,False,False,seed_candidate;country=Switzerland;verify_with_toss_stock_info_before_live
BAER.SW,Julius Baer Group,Julius Baer Group,CH,Financial,Bank,False,False,seed_candidate;country=Switzerland;verify_with_toss_stock_info_before_live
CMBN.SW,Cembra Money Bank,Cembra Money Bank,CH,Financial,Bank,False,False,seed_candidate;country=Switzerland;verify_with_toss_stock_info_before_live
ZURN.SW,Zurich Insurance Group,Zurich Insurance Group,CH,Insurance,Insurance,False,False,seed_candidate;country=Switzerland;verify_with_toss_stock_info_before_live
SREN.SW,Swiss Re,Swiss Re,CH,Insurance,Insurance,False,False,seed_candidate;country=Switzerland;verify_with_toss_stock_info_before_live
SIKA.SW,Sika,Sika,CH,Construction,Construction,False,False,seed_candidate;country=Switzerland;verify_with_toss_stock_info_before_live
HOLN.SW,Holcim,Holcim,CH,Construction,Construction,False,False,seed_candidate;country=Switzerland;verify_with_toss_stock_info_before_live
GEBN.SW,Geberit,Geberit,CH,Construction,Construction,False,False,seed_candidate;country=Switzerland;verify_with_toss_stock_info_before_live
SCHN.SW,Schindler Holding,Schindler Holding,CH,Construction,Construction,False,False,seed_candidate;country=Switzerland;verify_with_toss_stock_info_before_live
BKW.SW,BKW,BKW,CH,Renewable Energy,Renewable Energy,False,False,seed_candidate;country=Switzerland;verify_with_toss_stock_info_before_live
LONN.SW,Lonza Group,Lonza Group,CH,Healthcare,Biotech,False,False,seed_candidate;country=Switzerland;verify_with_toss_stock_info_before_live
SGSN.SW,SGS,SGS,CH,Environmental Services,Green,False,False,seed_candidate;country=Switzerland;verify_with_toss_stock_info_before_live
GIVN.SW,Givaudan,Givaudan,CH,Healthcare,Healthcare,False,False,seed_candidate;country=Switzerland;verify_with_toss_stock_info_before_live
PGHN.SW,Partners Group Holding,Partners Group Holding,CH,Financial,Bank,False,False,seed_candidate;country=Switzerland;verify_with_toss_stock_info_before_live
ALC.SW,Alcon,Alcon,CH,Healthcare,Healthcare,False,False,seed_candidate;country=Switzerland;verify_with_toss_stock_info_before_live
NESN.SW,Nestle,Nestle,CH,Consumer,Consumer,False,False,seed_candidate;country=Switzerland;verify_with_toss_stock_info_before_live
CFR.SW,Compagnie Financiere Richemont,Compagnie Financiere Richemont,CH,Consumer,Consumer,False,False,seed_candidate;country=Switzerland;verify_with_toss_stock_info_before_live
UHR.SW,The Swatch Group,The Swatch Group,CH,Consumer,Consumer,False,False,seed_candidate;country=Switzerland;verify_with_toss_stock_info_before_live
BARN.SW,Barry Callebaut,Barry Callebaut,CH,Consumer,Consumer,False,False,seed_candidate;country=Switzerland;verify_with_toss_stock_info_before_live
BEAN.SW,Belimo Holding,Belimo Holding,CH,Environmental Services,Green,False,False,seed_candidate;country=Switzerland;verify_with_toss_stock_info_before_live
RY.TO,Royal Bank of Canada,Royal Bank of Canada,CA,Financial,Bank,False,False,seed_candidate;country=Canada;verify_with_toss_stock_info_before_live
TD.TO,Toronto-Dominion Bank,Toronto-Dominion Bank,CA,Financial,Bank,False,False,seed_candidate;country=Canada;verify_with_toss_stock_info_before_live
BMO.TO,Bank of Montreal,Bank of Montreal,CA,Financial,Bank,False,False,seed_candidate;country=Canada;verify_with_toss_stock_info_before_live
BNS.TO,Bank of Nova Scotia,Bank of Nova Scotia,CA,Financial,Bank,False,False,seed_candidate;country=Canada;verify_with_toss_stock_info_before_live
CM.TO,Canadian Imperial Bank of Commerce,Canadian Imperial Bank of Commerce,CA,Financial,Bank,False,False,seed_candidate;country=Canada;verify_with_toss_stock_info_before_live
NA.TO,National Bank of Canada,National Bank of Canada,CA,Financial,Bank,False,False,seed_candidate;country=Canada;verify_with_toss_stock_info_before_live
SHOP.TO,Shopify,Shopify,CA,Technology,AI,False,False,seed_candidate;country=Canada;verify_with_toss_stock_info_before_live
CSU.TO,Constellation Software,Constellation Software,CA,Technology,AI,False,False,seed_candidate;country=Canada;verify_with_toss_stock_info_before_live
TRI.TO,Thomson Reuters,Thomson Reuters,CA,Technology,AI,False,False,seed_candidate;country=Canada;verify_with_toss_stock_info_before_live
OTEX.TO,Open Text,Open Text,CA,Technology,AI,False,False,seed_candidate;country=Canada;verify_with_toss_stock_info_before_live
ENB.TO,Enbridge,Enbridge,CA,Energy,Energy,False,False,seed_candidate;country=Canada;verify_with_toss_stock_info_before_live
TRP.TO,TC Energy,TC Energy,CA,Energy,Energy,False,False,seed_candidate;country=Canada;verify_with_toss_stock_info_before_live
CNQ.TO,Canadian Natural Resources,Canadian Natural Resources,CA,Energy,Energy,False,False,seed_candidate;country=Canada;verify_with_toss_stock_info_before_live
SU.TO,Suncor Energy,Suncor Energy,CA,Energy,Energy,False,False,seed_candidate;country=Canada;verify_with_toss_stock_info_before_live
CVE.TO,Cenovus Energy,Cenovus Energy,CA,Energy,Energy,False,False,seed_candidate;country=Canada;verify_with_toss_stock_info_before_live
CCO.TO,Cameco,Cameco,CA,Resources,Resources,False,False,seed_candidate;country=Canada;verify_with_toss_stock_info_before_live
NTR.TO,Nutrien,Nutrien,CA,Resources,Resources,False,False,seed_candidate;country=Canada;verify_with_toss_stock_info_before_live
TECK.B.TO,Teck Resources,Teck Resources,CA,Metals & Mining,Copper,False,False,seed_candidate;country=Canada;verify_with_toss_stock_info_before_live
FM.TO,First Quantum Minerals,First Quantum Minerals,CA,Metals & Mining,Copper,False,False,seed_candidate;country=Canada;verify_with_toss_stock_info_before_live
WPM.TO,Wheaton Precious Metals,Wheaton Precious Metals,CA,Resources,Resources,False,False,seed_candidate;country=Canada;verify_with_toss_stock_info_before_live
AEM.TO,Agnico Eagle Mines,Agnico Eagle Mines,CA,Resources,Resources,False,False,seed_candidate;country=Canada;verify_with_toss_stock_info_before_live
ABX.TO,Barrick Gold,Barrick Gold,CA,Resources,Resources,False,False,seed_candidate;country=Canada;verify_with_toss_stock_info_before_live
CP.TO,Canadian Pacific Kansas City,Canadian Pacific Kansas City,CA,Transportation,Logistics,False,False,seed_candidate;country=Canada;verify_with_toss_stock_info_before_live
CNR.TO,Canadian National Railway,Canadian National Railway,CA,Transportation,Logistics,False,False,seed_candidate;country=Canada;verify_with_toss_stock_info_before_live
WSP.TO,WSP Global,WSP Global,CA,Construction,Construction,False,False,seed_candidate;country=Canada;verify_with_toss_stock_info_before_live
ATRL.TO,AtkinsRealis Group,AtkinsRealis Group,CA,Construction,Construction,False,False,seed_candidate;country=Canada;verify_with_toss_stock_info_before_live
MFC.TO,Manulife Financial,Manulife Financial,CA,Insurance,Insurance,False,False,seed_candidate;country=Canada;verify_with_toss_stock_info_before_live
SLF.TO,Sun Life Financial,Sun Life Financial,CA,Insurance,Insurance,False,False,seed_candidate;country=Canada;verify_with_toss_stock_info_before_live
BCE.TO,BCE,BCE,CA,Telecommunication,Telecom,False,False,seed_candidate;country=Canada;verify_with_toss_stock_info_before_live
T.TO,TELUS,TELUS,CA,Telecommunication,Telecom,False,False,seed_candidate;country=Canada;verify_with_toss_stock_info_before_live
NPN.JO,Naspers,Naspers,ZA,Technology,AI,False,False,seed_candidate;country=South Africa;verify_with_toss_stock_info_before_live
MTN.JO,MTN Group,MTN Group,ZA,Telecommunication,Telecom,False,False,seed_candidate;country=South Africa;verify_with_toss_stock_info_before_live
VOD.JO,Vodacom Group,Vodacom Group,ZA,Telecommunication,Telecom,False,False,seed_candidate;country=South Africa;verify_with_toss_stock_info_before_live
SOL.JO,Sasol,Sasol,ZA,Energy,Energy,False,False,seed_candidate;country=South Africa;verify_with_toss_stock_info_before_live
FSR.JO,FirstRand,FirstRand,ZA,Financial,Bank,False,False,seed_candidate;country=South Africa;verify_with_toss_stock_info_before_live
SBK.JO,Standard Bank Group,Standard Bank Group,ZA,Financial,Bank,False,False,seed_candidate;country=South Africa;verify_with_toss_stock_info_before_live
NED.JO,Nedbank Group,Nedbank Group,ZA,Financial,Bank,False,False,seed_candidate;country=South Africa;verify_with_toss_stock_info_before_live
ABG.JO,Absa Group,Absa Group,ZA,Financial,Bank,False,False,seed_candidate;country=South Africa;verify_with_toss_stock_info_before_live
CPI.JO,Capitec Bank Holdings,Capitec Bank Holdings,ZA,Financial,Bank,False,False,seed_candidate;country=South Africa;verify_with_toss_stock_info_before_live
ANG.JO,AngloGold Ashanti,AngloGold Ashanti,ZA,Resources,Resources,False,False,seed_candidate;country=South Africa;verify_with_toss_stock_info_before_live
GFI.JO,Gold Fields,Gold Fields,ZA,Resources,Resources,False,False,seed_candidate;country=South Africa;verify_with_toss_stock_info_before_live
HAR.JO,Harmony Gold Mining,Harmony Gold Mining,ZA,Resources,Resources,False,False,seed_candidate;country=South Africa;verify_with_toss_stock_info_before_live
AMS.JO,Anglo American Platinum,Anglo American Platinum,ZA,Resources,Resources,False,False,seed_candidate;country=South Africa;verify_with_toss_stock_info_before_live
IMP.JO,Impala Platinum Holdings,Impala Platinum Holdings,ZA,Resources,Resources,False,False,seed_candidate;country=South Africa;verify_with_toss_stock_info_before_live
SSW.JO,Sibanye Stillwater,Sibanye Stillwater,ZA,Resources,Resources,False,False,seed_candidate;country=South Africa;verify_with_toss_stock_info_before_live
KIO.JO,Kumba Iron Ore,Kumba Iron Ore,ZA,Resources,Resources,False,False,seed_candidate;country=South Africa;verify_with_toss_stock_info_before_live
AGL.JO,Anglo American,Anglo American,ZA,Metals & Mining,Copper,False,False,seed_candidate;country=South Africa;verify_with_toss_stock_info_before_live
BHP.JO,BHP Group,BHP Group,ZA,Resources,Resources,False,False,seed_candidate;country=South Africa;verify_with_toss_stock_info_before_live
APN.JO,Aspen Pharmacare Holdings,Aspen Pharmacare Holdings,ZA,Healthcare,Healthcare,False,False,seed_candidate;country=South Africa;verify_with_toss_stock_info_before_live
CLS.JO,Clicks Group,Clicks Group,ZA,Healthcare,Healthcare,False,False,seed_candidate;country=South Africa;verify_with_toss_stock_info_before_live
SHP.JO,Shoprite Holdings,Shoprite Holdings,ZA,Consumer,Consumer,False,False,seed_candidate;country=South Africa;verify_with_toss_stock_info_before_live
WHL.JO,Woolworths Holdings,Woolworths Holdings,ZA,Consumer,Consumer,False,False,seed_candidate;country=South Africa;verify_with_toss_stock_info_before_live
MRP.JO,Mr Price Group,Mr Price Group,ZA,Consumer,Consumer,False,False,seed_candidate;country=South Africa;verify_with_toss_stock_info_before_live
BID.JO,Bid Corporation,Bid Corporation,ZA,Consumer,Consumer,False,False,seed_candidate;country=South Africa;verify_with_toss_stock_info_before_live
BVT.JO,The Bidvest Group,The Bidvest Group,ZA,Industrial,Industrial,False,False,seed_candidate;country=South Africa;verify_with_toss_stock_info_before_live
PPC.JO,PPC,PPC,ZA,Construction,Construction,False,False,seed_candidate;country=South Africa;verify_with_toss_stock_info_before_live
MUR.JO,Murray & Roberts Holdings,Murray & Roberts Holdings,ZA,Construction,Construction,False,False,seed_candidate;country=South Africa;verify_with_toss_stock_info_before_live
REM.JO,Remgro,Remgro,ZA,Financial,Bank,False,False,seed_candidate;country=South Africa;verify_with_toss_stock_info_before_live
BTI.JO,British American Tobacco,British American Tobacco,ZA,Consumer,Consumer,False,False,seed_candidate;country=South Africa;verify_with_toss_stock_info_before_live
CFR.JO,Compagnie Financiere Richemont,Compagnie Financiere Richemont,ZA,Consumer,Consumer,False,False,seed_candidate;country=South Africa;verify_with_toss_stock_info_before_live
DANGCEM,Dangote Cement,Dangote Cement,NG,Construction,Construction,False,False,seed_candidate;country=Nigeria;verify_with_toss_stock_info_before_live
BUACEMENT,BUA Cement,BUA Cement,NG,Construction,Construction,False,False,seed_candidate;country=Nigeria;verify_with_toss_stock_info_before_live
WAPCO,Lafarge Africa,Lafarge Africa,NG,Construction,Construction,False,False,seed_candidate;country=Nigeria;verify_with_toss_stock_info_before_live
JBERGER,Julius Berger Nigeria,Julius Berger Nigeria,NG,Construction,Construction,False,False,seed_candidate;country=Nigeria;verify_with_toss_stock_info_before_live
MTNN,MTN Nigeria Communications,MTN Nigeria Communications,NG,Telecommunication,Telecom,False,False,seed_candidate;country=Nigeria;verify_with_toss_stock_info_before_live
AIRTELAFRI,Airtel Africa,Airtel Africa,NG,Telecommunication,Telecom,False,False,seed_candidate;country=Nigeria;verify_with_toss_stock_info_before_live
SEPLAT,Seplat Energy,Seplat Energy,NG,Energy,Energy,False,False,seed_candidate;country=Nigeria;verify_with_toss_stock_info_before_live
GEREGU,Geregu Power,Geregu Power,NG,Energy,Energy,False,False,seed_candidate;country=Nigeria;verify_with_toss_stock_info_before_live
TRANSPOWER,Transcorp Power,Transcorp Power,NG,Energy,Energy,False,False,seed_candidate;country=Nigeria;verify_with_toss_stock_info_before_live
OANDO,Oando,Oando,NG,Energy,Energy,False,False,seed_candidate;country=Nigeria;verify_with_toss_stock_info_before_live
TOTAL,TotalEnergies Marketing Nigeria,TotalEnergies Marketing Nigeria,NG,Energy,Energy,False,False,seed_candidate;country=Nigeria;verify_with_toss_stock_info_before_live
CONOIL,Conoil,Conoil,NG,Energy,Energy,False,False,seed_candidate;country=Nigeria;verify_with_toss_stock_info_before_live
ARADEL,Aradel Holdings,Aradel Holdings,NG,Energy,Energy,False,False,seed_candidate;country=Nigeria;verify_with_toss_stock_info_before_live
ACCESSCORP,Access Holdings,Access Holdings,NG,Financial,Bank,False,False,seed_candidate;country=Nigeria;verify_with_toss_stock_info_before_live
ZENITHBANK,Zenith Bank,Zenith Bank,NG,Financial,Bank,False,False,seed_candidate;country=Nigeria;verify_with_toss_stock_info_before_live
GTCO,Guaranty Trust Holding Company,Guaranty Trust Holding Company,NG,Financial,Bank,False,False,seed_candidate;country=Nigeria;verify_with_toss_stock_info_before_live
UBA,United Bank for Africa,United Bank for Africa,NG,Financial,Bank,False,False,seed_candidate;country=Nigeria;verify_with_toss_stock_info_before_live
FIRSTHOLDCO,First HoldCo,First HoldCo,NG,Financial,Bank,False,False,seed_candidate;country=Nigeria;verify_with_toss_stock_info_before_live
STANBIC,Stanbic IBTC Holdings,Stanbic IBTC Holdings,NG,Financial,Bank,False,False,seed_candidate;country=Nigeria;verify_with_toss_stock_info_before_live
FIDELITYBK,Fidelity Bank Nigeria,Fidelity Bank Nigeria,NG,Financial,Bank,False,False,seed_candidate;country=Nigeria;verify_with_toss_stock_info_before_live
FCMB,FCMB Group,FCMB Group,NG,Financial,Bank,False,False,seed_candidate;country=Nigeria;verify_with_toss_stock_info_before_live
WEMABANK,Wema Bank,Wema Bank,NG,Financial,Bank,False,False,seed_candidate;country=Nigeria;verify_with_toss_stock_info_before_live
NESTLE,Nestle Nigeria,Nestle Nigeria,NG,Consumer,Consumer,False,False,seed_candidate;country=Nigeria;verify_with_toss_stock_info_before_live
NB,Nigerian Breweries,Nigerian Breweries,NG,Consumer,Consumer,False,False,seed_candidate;country=Nigeria;verify_with_toss_stock_info_before_live
BUAFOODS,BUA Foods,BUA Foods,NG,Consumer,Consumer,False,False,seed_candidate;country=Nigeria;verify_with_toss_stock_info_before_live
FLOURMILL,Flour Mills of Nigeria,Flour Mills of Nigeria,NG,Consumer,Consumer,False,False,seed_candidate;country=Nigeria;verify_with_toss_stock_info_before_live
PRESCO,Presco,Presco,NG,Resources,Resources,False,False,seed_candidate;country=Nigeria;verify_with_toss_stock_info_before_live
OKOMUOIL,Okomu Oil Palm Company,Okomu Oil Palm Company,NG,Resources,Resources,False,False,seed_candidate;country=Nigeria;verify_with_toss_stock_info_before_live
VITAFOAM,Vitafoam Nigeria,Vitafoam Nigeria,NG,Consumer,Consumer,False,False,seed_candidate;country=Nigeria;verify_with_toss_stock_info_before_live
MAYBAKER,May & Baker Nigeria,May & Baker Nigeria,NG,Healthcare,Healthcare,False,False,seed_candidate;country=Nigeria;verify_with_toss_stock_info_before_live
QNBK.QA,Qatar National Bank,Qatar National Bank,QA,Financial,Bank,False,False,seed_candidate;country=Qatar;verify_with_toss_stock_info_before_live
QIBK.QA,Qatar Islamic Bank,Qatar Islamic Bank,QA,Financial,Bank,False,False,seed_candidate;country=Qatar;verify_with_toss_stock_info_before_live
MARK.QA,Masraf Al Rayan,Masraf Al Rayan,QA,Financial,Bank,False,False,seed_candidate;country=Qatar;verify_with_toss_stock_info_before_live
CBQK.QA,Commercial Bank of Qatar,Commercial Bank of Qatar,QA,Financial,Bank,False,False,seed_candidate;country=Qatar;verify_with_toss_stock_info_before_live
DHBK.QA,Doha Bank,Doha Bank,QA,Financial,Bank,False,False,seed_candidate;country=Qatar;verify_with_toss_stock_info_before_live
ABQK.QA,Ahli Bank,Ahli Bank,QA,Financial,Bank,False,False,seed_candidate;country=Qatar;verify_with_toss_stock_info_before_live
QIIK.QA,Qatar International Islamic Bank,Qatar International Islamic Bank,QA,Financial,Bank,False,False,seed_candidate;country=Qatar;verify_with_toss_stock_info_before_live
DUBK.QA,Dukhan Bank,Dukhan Bank,QA,Financial,Bank,False,False,seed_candidate;country=Qatar;verify_with_toss_stock_info_before_live
IQCD.QA,Industries Qatar,Industries Qatar,QA,Resources,Resources,False,False,seed_candidate;country=Qatar;verify_with_toss_stock_info_before_live
QGTS.QA,Qatar Gas Transport Company,Qatar Gas Transport Company,QA,Energy,Energy,False,False,seed_candidate;country=Qatar;verify_with_toss_stock_info_before_live
QFLS.QA,Qatar Fuel,Qatar Fuel,QA,Energy,Energy,False,False,seed_candidate;country=Qatar;verify_with_toss_stock_info_before_live
QEWS.QA,Qatar Electricity and Water Company,Qatar Electricity and Water Company,QA,Energy,Energy,False,False,seed_candidate;country=Qatar;verify_with_toss_stock_info_before_live
MPHC.QA,Mesaieed Petrochemical Holding,Mesaieed Petrochemical Holding,QA,Resources,Resources,False,False,seed_candidate;country=Qatar;verify_with_toss_stock_info_before_live
GISS.QA,Gulf International Services,Gulf International Services,QA,Energy,Energy,False,False,seed_candidate;country=Qatar;verify_with_toss_stock_info_before_live
QNNS.QA,Qatar Navigation,Qatar Navigation,QA,Transportation,Logistics,False,False,seed_candidate;country=Qatar;verify_with_toss_stock_info_before_live
ORDS.QA,Ooredoo,Ooredoo,QA,Telecommunication,Telecom,False,False,seed_candidate;country=Qatar;verify_with_toss_stock_info_before_live
VFQS.QA,Vodafone Qatar,Vodafone Qatar,QA,Telecommunication,Telecom,False,False,seed_candidate;country=Qatar;verify_with_toss_stock_info_before_live
QATI.QA,Qatar Insurance Company,Qatar Insurance Company,QA,Insurance,Insurance,False,False,seed_candidate;country=Qatar;verify_with_toss_stock_info_before_live
DOHI.QA,Doha Insurance Group,Doha Insurance Group,QA,Insurance,Insurance,False,False,seed_candidate;country=Qatar;verify_with_toss_stock_info_before_live
QLMI.QA,QLM Life and Medical Insurance,QLM Life and Medical Insurance,QA,Insurance,Insurance,False,False,seed_candidate;country=Qatar;verify_with_toss_stock_info_before_live
BRES.QA,Barwa Real Estate,Barwa Real Estate,QA,Construction,Construction,False,False,seed_candidate;country=Qatar;verify_with_toss_stock_info_before_live
UDCD.QA,United Development Company,United Development Company,QA,Construction,Construction,False,False,seed_candidate;country=Qatar;verify_with_toss_stock_info_before_live
ERES.QA,Ezdan Holding Group,Ezdan Holding Group,QA,Real Estate,Real Estate,False,False,seed_candidate;country=Qatar;verify_with_toss_stock_info_before_live
MRDS.QA,Mazaya Real Estate Development,Mazaya Real Estate Development,QA,Construction,Construction,False,False,seed_candidate;country=Qatar;verify_with_toss_stock_info_before_live
QGMD.QA,Qatar German Medical Devices,Qatar German Medical Devices,QA,Healthcare,Healthcare,False,False,seed_candidate;country=Qatar;verify_with_toss_stock_info_before_live
MCGS.QA,Medicare Group,Medicare Group,QA,Healthcare,Healthcare,False,False,seed_candidate;country=Qatar;verify_with_toss_stock_info_before_live
BLDN.QA,Baladna,Baladna,QA,Consumer,Consumer,False,False,seed_candidate;country=Qatar;verify_with_toss_stock_info_before_live
WDAM.QA,Widam Food,Widam Food,QA,Consumer,Consumer,False,False,seed_candidate;country=Qatar;verify_with_toss_stock_info_before_live
QAMC.QA,Qatar Aluminium Manufacturing,Qatar Aluminium Manufacturing,QA,Resources,Resources,False,False,seed_candidate;country=Qatar;verify_with_toss_stock_info_before_live
IGRD.QA,Estithmar Holding,Estithmar Holding,QA,Construction,Construction,False,False,seed_candidate;country=Qatar;verify_with_toss_stock_info_before_live
